keys,en
GAME_TITLE,HOUSE RULES
MENU_KICKER,VELVET DECO CASINO
MENU_SUBTITLE,"Three games. One bankroll. The house remembers."
MENU_CONTROLS,"[%s] Enter the casino\n[%s] Save and quit"
MENU_REDUCED_MOTION,[%s] REDUCED MOTION  %s
MENU_REDUCED_MOTION_HELP,Stops ambient movement and shortens transitions.
MENU_REDUCED_MOTION_ACCESSIBLE,Reduced motion: %s
SETTING_ON,ON
SETTING_OFF,OFF
HUD_CHIPS,CHIPS  %d
HUD_CREDITS,CREDITS
HUD_TEST_BANK,TEST BANK
HUD_DEBT,DEBT  %d
CONTRACTS_HEADING,CONTRACTS
CONTRACT_LINE,%s  %d/%d  +%d
CONTRACT_COMPLETE,Contract complete: %s  +%d chips
CONTRACT_SLOT_ROUNDS,Pull the arm 25 times
CONTRACT_SLOT_THREE_KIND,Land three of a kind
CONTRACT_SLOT_DIAMONDS,Land three DIAMOND
CONTRACT_BLACKJACK_WINS,Win 5 blackjack hands
CONTRACT_BLACKJACK_NATURAL,Be dealt a natural 21
CONTRACT_BLACKJACK_DOUBLE,Win a doubled hand
CONTRACT_VAULT_SAFE_EIGHT,Clear 8 vault tiles
CONTRACT_VAULT_TEN_X,Cash out above 10x
CONTRACT_VAULT_TEN_MINES,Survive with 10+ mines
CONTRACT_ALL_CABINETS,Play all three cabinets
CABINET_SLOT_CLASSIC_NAME,ELVEN COURT
CABINET_BLACKJACK_NAME,BLACKJACK 21
CABINET_MINEFIELD_VAULT_NAME,HEXBOUND VAULT
FLOOR_PROMPT,"%s\n%d–%d chips  [%s] Play"
FLOOR_UNAVAILABLE,"%s\nNeeds %d chips"
FLOOR_HELP,Move with %s.  [%s] Menu
FLOOR_JOIN_DIALOG,"%s  ·  BET %d–%d CHIPS\n[%s] JOIN    [%s] CLOSE"
CASHIER_NAME,CASHIER
CASHIER_PROMPT,[%s] Visit cashier
CASHIER_WAYPOINT,CASHIER  ·  %d-CHIP MARKER
CASHIER_ACTIONS,[%s] Select   [%s] Confirm   [%s] Leave
CASHIER_CHIPS,CHIPS  %d
CASHIER_TEST_BANK,TEST BANK  ∞
CASHIER_DEBT,MARKER DEBT  %d
CASHIER_NO_DEBT,NO OUTSTANDING MARKER
CASHIER_REPAY_AMOUNT,REPAYMENT AMOUNT
CASHIER_REPAY_VALUE,%d CHIPS
CASHIER_PAY_ALL,PAY ALL
CASHIER_TAKE_MARKER,TAKE %d MARKER
CASHIER_ADD_TEST_MARKER,ADD TEST DEBT +%d
CASHIER_CONFIRM_REPAY,REPAY %d CHIPS
CASHIER_PREVIEW,AFTER PAYMENT  CHIPS %d  ·  DEBT %d
CASHIER_PREVIEW_TEST,AFTER PAYMENT  TEST BANK ∞  ·  DEBT %d
CASHIER_CLOSE,CLOSE
WING_HIGH_ROLLER,HIGH-ROLLER STAIRCASE
WING_VIP,VIP ELEVATOR
WING_LOCKED,%s LOCKED\nRequires %d lifetime wagered
CABINET_STAKE,STAKE  %d
CABINET_CONTROLS,[%s] Play   %s: Stake   [%s] Leave
STAKE_BET,BET
BET_TOTAL,TOTAL BET
BET_AFTER,AFTER BET  %d
BET_NEED_CASHIER,NEED %d CREDITS · VISIT CASHIER
BET_IN_PLAY,IN PLAY
HELP_BUTTON,?  HOW TO PLAY
HELP_TITLE,HOW TO PLAY — %s
HELP_RULES,RULES
HELP_CONTROLS,CONTROLS
HELP_CLOSE_HINT,%s or Back closes this guide
EXIT_CONFIRM_TITLE,LEAVE THIS GAME?
EXIT_CONFIRM_MESSAGE,Leave now and forfeit %d chips?
EXIT_CONFIRM_CANCEL,KEEP PLAYING
EXIT_CONFIRM_LEAVE,LEAVE & FORFEIT
HELP_SLOT_CLASSIC_RULES,"The center payline decides the round.

Match three symbols to win. Two cherries also pay.

Higher bets multiply both cost and payout."
HELP_SLOT_CLASSIC_CONTROLS,"[%s] Spin

%s  Change bet

[%s] Leave"
HELP_BLACKJACK_RULES,"Reach 21 without going over.

Dealer stands on 17. A natural blackjack pays 3:2.

Double is available only on the opening two cards."
HELP_BLACKJACK_CONTROLS,"[%s] Deal / Hit

[%s] Stand

[%s] Double

%s  Change bet

[%s] Leave"
HELP_MINEFIELD_VAULT_RULES,"Choose risk before the round.

Every silver cache raises the multiplier. Cash out before you break a cursed rune.

More mines mean higher rewards."
HELP_MINEFIELD_VAULT_CONTROLS,"[%s] Open

[%s] Cash out

%s  Change bet

%s  Choose mines

[%s] Leave"
SLOT_SPIN,SPIN
SLOT_THEME_TITLE,ELVEN COURT
SLOT_CENTER_PAYLINE,CENTER PAYLINE
SLOT_LAST_WIN,RETURNED  %d
SLOT_RETURNED,WIN  %d
SLOT_RESULT_FORMULA,BET %d × %d = %d
SLOT_IDLE_FORMULA,BET %d · CENTER LINE PAYS
SLOT_BET_IN_PLAY,BET %d IN PLAY
ROUND_READY,Choose your stake.
ROUND_SPINNING,Reels spinning…
ROUND_RESULT,Stake %d · Returned %d
BLACKJACK_DECIDE,Hit / Stand / Double
BLACKJACK_DOUBLE_UNAVAILABLE,Double is only available on your opening two cards with enough credits
BLACKJACK_DEALER,DEALER
BLACKJACK_PLAYER,PLAYER
BLACKJACK_TOTAL,TOTAL %d
BLACKJACK_SHOWING,SHOWING %d
BLACKJACK_HANDS,"PLAYER  %s\n\nDEALER  %s\n\nAce = 1 (or 11) · J / Q / K = 10"
BLACKJACK_CONTROLS,[%s] Deal / Hit   [%s] Stand   [%s] Double   %s: Stake   [%s] Leave
VAULT_REVEAL,"Break a rune seal, or cash out after a safe find."
VAULT_GRID,"MINES %d   MULTIPLIER %.2f×\nCASH OUT %d"
VAULT_CONTROLS,[%s] Open   [%s] Cash out   %s: Stake   %s: Mines   [%s] Leave
INPUT_ENTER,Enter
INPUT_ESCAPE,Esc
INPUT_A,A
INPUT_B,B
INPUT_X,X
INPUT_Y,Y
INPUT_AD,A / D
INPUT_WS,W / S
INPUT_WASD,WASD
INPUT_DPAD,D-pad
INPUT_F1,F1
INPUT_MENU,Menu
ACTION_DEAL,DEAL
ACTION_HIT,HIT
ACTION_STAND,STAND
ACTION_DOUBLE,DOUBLE
ACTION_DOUBLE_TO,DOUBLE TO %d
ACTION_ENTER,ENTER VAULT
ACTION_OPEN,BREAK SEAL
ACTION_CASH_OUT,CASH OUT
INPUT_STICK_HORIZONTAL,Left stick / D-pad left-right
INPUT_STICK_VERTICAL,Left stick / D-pad up-down
INPUT_STICK_DPAD,Left stick / D-pad
SYMBOL_0,CHERRY
SYMBOL_1,LEMON
SYMBOL_2,BELL
SYMBOL_3,BAR
SYMBOL_4,SEVEN
SYMBOL_5,DIAMOND
CARD_1,A
CARD_11,J
CARD_12,Q
CARD_13,K
SAVE_INCOMPATIBLE,This save is from a newer version. It has not been changed.
SAVE_CORRUPT,Unreadable save preserved. A new game has started.
SAVE_PRESERVE_FAILED,Could not preserve the unreadable save. Saving is disabled.
SAVE_FAILED,Could not save. Check available storage and try again.
GAMEPAD_RECONNECT,Controller disconnected. Reconnect a controller to continue.
ROOM_EXIT_PROMPT,[%s] Return to the Main Floor
ROOM_PREVIEW_ONLY,PREVIEW ONLY · NO PLAYABLE TABLES IN THIS ROOM YET
ROOM_BACK_BUTTON,‹  MAIN FLOOR  [%s]
BLACKJACK_RESULT_WIN,WIN  +%d
BLACKJACK_RESULT_NATURAL,BLACKJACK  +%d
BLACKJACK_RESULT_DEALER_BUST,DEALER BUSTS  +%d
BLACKJACK_RESULT_PUSH,PUSH
BLACKJACK_RESULT_BUST,BUST
BLACKJACK_RESULT_LOSS,DEALER WINS
BLACKJACK_RESULT_CLOSED,HAND CLOSED
VAULT_WITCHER_TITLE,HEXBOUND VAULT
WING_ENTER,[%s] Enter the %s
DEV_LOCATIONS_TITLE,DEV LOCATIONS  ·  F1 CLOSE
DEV_LOCATIONS_NOTE,ROOM BUTTONS SWITCH THE WHOLE ENVIRONMENT · DEBUG BUILDS ONLY
CABINET_ROULETTE_NAME,RUBY ROULETTE
ROULETTE_THEME_TITLE,RUBY ROULETTE
ROULETTE_PLACE_BETS,Place your bets · single zero
ROULETTE_NO_MORE_BETS,No more bets
ROULETTE_RESULT_WIN,%s · returned %d on %d
ROULETTE_RESULT_LOSS,%s · %d swept
ROULETTE_LIMIT_REACHED,Table limit or bankroll reached
ROULETTE_REBET_UNAVAILABLE,Nothing to rebet within your limit
ROULETTE_PLACE_FIRST,Place a chip before you spin
ROULETTE_CLEAR,CLEAR
ROULETTE_REBET,REBET
ROULETTE_SPIN,SPIN
ROULETTE_BET_TOTAL,BET %d / %d
ROULETTE_PAYS,%d TO 1
ROULETTE_DECK_HINT,{interact} Place  {secondary} Take back  {tertiary} Spin
ROULETTE_HISTORY,RECENT
ROULETTE_WHEEL_READY,WHEEL READY
ROULETTE_SINGLE_ZERO,37 POCKETS · ONE ZERO
ROULETTE_ZERO_DETAIL,ZERO · OUTSIDE BETS LOSE
ROULETTE_COLOR_RED,RED
ROULETTE_COLOR_BLACK,BLACK
ROULETTE_COLOR_GREEN,ZERO
ROULETTE_KIND_STRAIGHT,STRAIGHT %s
ROULETTE_KIND_SPLIT,SPLIT %s
ROULETTE_KIND_STREET,STREET %s
ROULETTE_KIND_CORNER,CORNER %s
ROULETTE_KIND_SIX_LINE,SIX LINE %d-%d
ROULETTE_NAME_DOZEN_1,1ST DOZEN
ROULETTE_NAME_DOZEN_2,2ND DOZEN
ROULETTE_NAME_DOZEN_3,3RD DOZEN
ROULETTE_NAME_COLUMN_1,COLUMN 1-34
ROULETTE_NAME_COLUMN_2,COLUMN 2-35
ROULETTE_NAME_COLUMN_3,COLUMN 3-36
ROULETTE_NAME_RED,RED
ROULETTE_NAME_BLACK,BLACK
ROULETTE_NAME_ODD,ODD
ROULETTE_NAME_EVEN,EVEN
ROULETTE_NAME_LOW,LOW 1-18
ROULETTE_NAME_HIGH,HIGH 19-36
ROULETTE_SPOT_DOZEN_1,1st 12
ROULETTE_SPOT_DOZEN_2,2nd 12
ROULETTE_SPOT_DOZEN_3,3rd 12
ROULETTE_SPOT_COLUMN_1,2 to 1
ROULETTE_SPOT_COLUMN_2,2 to 1
ROULETTE_SPOT_COLUMN_3,2 to 1
ROULETTE_SPOT_LOW,1-18
ROULETTE_SPOT_EVEN,EVEN
ROULETTE_SPOT_ODD,ODD
ROULETTE_SPOT_HIGH,19-36
ROULETTE_GUEST_SYSTEM,MR. OKADA
ROULETTE_GUEST_DREAMER,DESMOND
ROULETTE_GUEST_REGULAR,SIGNORA LUCIA
ROULETTE_TAG_SYSTEM,SYSTEM BETTOR
ROULETTE_TAG_DREAMER,DREAMER
ROULETTE_TAG_REGULAR,REGULAR
ROULETTE_LINE_SYSTEM_BASE,"“One unit, %d. The system holds.”"
ROULETTE_LINE_SYSTEM_DOUBLE,“Doubling to %d. Patience.”
ROULETTE_LINE_SYSTEM_WIN,“As calculated.”
ROULETTE_LINE_SYSTEM_LOSS,“A minor variance.”
ROULETTE_LINE_SYSTEM_ZERO,“Zero. Noted in the book.”
ROULETTE_LINE_DREAMER_BET,“All on %d! Feel it?”
ROULETTE_LINE_DREAMER_BET_ALT,“%d again. It's due.”
ROULETTE_LINE_DREAMER_WIN,“SEVENTEEN! I told you!”
ROULETTE_LINE_DREAMER_LONGSHOT,“A long shot lands! Again!”
ROULETTE_LINE_DREAMER_LOSS,“Next one. Definitely.”
ROULETTE_LINE_REGULAR_BET,"“Nonna's birthday: 7, 14, 23.”"
ROULETTE_LINE_REGULAR_WIN,"“Grazie, Nonna!”"
ROULETTE_LINE_REGULAR_LOSS,"(sigh) “Not today, cara.”"
ROULETTE_LINE_REGULAR_ZERO,“Zero? Madonna mia…”
HELP_ROULETTE_RULES,"European wheel: 37 pockets, one zero.

Place chips on numbers, lines, corners or outside bets, then spin. Straight pays 35 to 1, split 17, street 11, corner 8, six line 5, dozen or column 2, red/black, odd/even, low/high 1.

Zero loses outside bets. Chips you have not spun return when you leave."
HELP_ROULETTE_CONTROLS,"%s  Move on the layout

[%s] Place chip

[%s] Take chip back

[%s] Spin

Chips, Clear and Rebet sit below the layout

[%s] Leave"
CABINET_POKER_NAME,TEXAS HOLD'EM
POKER_NPC_SHARK,THE SHARK
POKER_NPC_ROCK,THE ROCK
POKER_NPC_MANIAC,THE MANIAC
POKER_NPC_CALLING_STATION,CALLING STATION
POKER_NPC_TOURIST,THE TOURIST
POKER_YOU,YOU
POKER_YOU_AT,YOU · %s
POKER_POSITION_BUTTON,DEALER
POKER_POSITION_SMALL_BLIND,SMALL BLIND
POKER_POSITION_BIG_BLIND,BIG BLIND
POKER_READY,"Pick the stakes, then deal in"
POKER_STACK_CAPTION,STACK
POKER_DEALER_GLYPH,D
POKER_POT,POT %d
POKER_STAKES_CAPTION,BLINDS %d/%d · LIMIT %d/%d
POKER_THINKING,%s is thinking
POKER_STATUS_ACTION,%s · %s
POKER_STATUS_DEAL,Cards are in the air
POKER_STATUS_SHOWDOWN,Showdown
POKER_STATUS_WINS,%s wins %d
POKER_STATUS_SPLIT,Split pot · %s · %d
POKER_STREET_FLOP,The flop
POKER_STREET_TURN,The turn
POKER_STREET_RIVER,The river
POKER_YOUR_TURN_CALL,Your action · %d to call
POKER_YOUR_TURN_CHECK,Your action · check or bet
POKER_ACT_SMALL_BLIND,SMALL BLIND %d
POKER_ACT_BIG_BLIND,BIG BLIND %d
POKER_ACT_FOLD,FOLD
POKER_ACT_CHECK,CHECK
POKER_ACT_CALL,CALL %d
POKER_ACT_BET,BET %d
POKER_ACT_RAISE,RAISE %d
POKER_ACT_ALL_IN,ALL IN %d
POKER_BUTTON_DEAL,DEAL IN
POKER_BUTTON_FOLD,FOLD
POKER_BUTTON_CHECK,CHECK
POKER_BUTTON_CALL,CALL %d
POKER_BUTTON_ALL_IN,ALL IN %d
POKER_BUTTON_BET,BET %d
POKER_BUTTON_RAISE,RAISE %d
POKER_BUTTON_RAISE_IDLE,BET / RAISE
POKER_INFO_TO_CALL,TO CALL
POKER_INFO_POT,POT
POKER_INFO_LIMIT,LIMIT
POKER_INFO_IN_POT,YOUR CHIPS IN
POKER_RESULT_WIN,YOU WIN %d
POKER_RESULT_WIN_HAND,YOU WIN %d · %s
POKER_RESULT_SPLIT,SPLIT POT · %d BACK
POKER_RESULT_LOSS,POT LOST · %d
POKER_RESULT_LOSS_TO,%s WINS · %s
POKER_RESULT_FOLDED,FOLDED · %d IN THE POT
POKER_RESULT_ABANDONED,HAND FORFEITED · %d
POKER_RESULT_RAKE, · RAKE %d
POKER_HAND_HIGH_CARD,HIGH CARD
POKER_HAND_PAIR,PAIR
POKER_HAND_TWO_PAIR,TWO PAIR
POKER_HAND_TRIPS,THREE OF A KIND
POKER_HAND_STRAIGHT,STRAIGHT
POKER_HAND_FLUSH,FLUSH
POKER_HAND_FULL_HOUSE,FULL HOUSE
POKER_HAND_QUADS,FOUR OF A KIND
POKER_HAND_STRAIGHT_FLUSH,STRAIGHT FLUSH
HELP_POKER_RULES,"Best five cards from your two plus five shared cards wins.

Fixed limit: bets are the stake before the turn, twice it after. Blinds are half and one stake. Four bets per street at most.

Rake: 10% of pots you win, at most three stakes, none if no flop."
HELP_POKER_CONTROLS,"[%s] Deal / Check / Call

[%s] Fold

[%s] Bet / Raise

%s  Change stakes

[%s] Leave"
POKER_LIMIT_VALUE,%d/%d
POKER_BUTTON_CALL_IDLE,CHECK / CALL
POKER_STATUS_BLINDS,Blinds are in
POKER_RESULT_FOLDED_FREE,FOLDED · NO CHIPS LOST
CABINET_MATCH_POINT_NAME,MATCH POINT
MATCH_POINT_THEME_TITLE,MATCH POINT
MATCH_POINT_SERVE,SERVE
MATCH_POINT_BET_LINE,BET %d · %s
MATCH_POINT_TOP_PRIZE,TOP COURT PAYS %d
MATCH_POINT_DECK_HINT,[%s] Serve  [%s] Change risk
MATCH_POINT_LAST_DROP,LAST DROP
MATCH_POINT_HISTORY,RECENT DROPS
MATCH_POINT_READY,NEW SET
MATCH_POINT_READY_DETAIL,12 rows · 13 courts
MATCH_POINT_RESULT_WIN,WINNER
MATCH_POINT_RESULT_OUT,OUT
MATCH_POINT_RESULT_LET,LET
MATCH_POINT_RISK,RISK
MATCH_POINT_RISK_LOW,LOW
MATCH_POINT_RISK_MEDIUM,MEDIUM
MATCH_POINT_RISK_HIGH,HIGH
MATCH_POINT_RISK_RANGE,CENTRE %s×  ·  EDGE %s×
MATCH_POINT_IN_PLAY,Ball in play
MATCH_POINT_LANDED,In the %s× court
MATCH_POINT_RESULT_STATUS,%s× · returned %d on %d
MATCH_POINT_READY_STATUS,Pick a stake and risk · serve
MATCH_POINT_NEED_STAKE,No stake your credits can cover
MATCH_POINT_RETURN_LINE,Court %d · paid %d
HELP_MATCH_POINT_RULES,"Serve a ball into the board. It hops left or right off one post in each of 12 rows and lands in one of 13 courts, which pays its multiplier times your stake.

Centre courts are the most likely; edge courts are rare and pay the most. Risk changes the multipliers, not the odds: every table returns 95.996% over time.

The court is decided when you serve."
HELP_MATCH_POINT_CONTROLS,"%s  Move between keys

[%s] Press the focused key

[%s] Serve

[%s] Change risk

[%s] Leave (asks first while the ball is in play)"
CABINET_BACCARAT_NAME,VELVET BACCARAT
BACCARAT_THEME_TITLE,VELVET BACCARAT
BACCARAT_LIMIT_REACHED,Table limit or bankroll reached
BACCARAT_REBET_UNAVAILABLE,Nothing to rebet within your limit
BACCARAT_PLACE_FIRST,Place a chip before the deal
BACCARAT_CLEAR,CLEAR
BACCARAT_REBET,REBET
BACCARAT_DEAL,DEAL
BACCARAT_BET_TOTAL,BET %d / %d
BACCARAT_DECK_HINT,{interact} Place  {secondary} Take back  {tertiary} Deal
BACCARAT_BEAD_ROAD,BEAD ROAD
BACCARAT_ROAD_COUNTS,B %d · P %d · T %d
BACCARAT_BEAD_PLAYER,P
BACCARAT_BEAD_BANKER,B
BACCARAT_BEAD_TIE,T
BACCARAT_TOTAL_HIDDEN,–
BACCARAT_PLACE_YOUR_BETS,PLACE YOUR BETS
BACCARAT_TABLE_RULE,PUNTO BANCO · 8 DECKS
BACCARAT_TABLE_PRICES,Player 1:1 · Banker 1:1 less 5% · Tie 8:1 · Pairs 11:1
BACCARAT_NO_MORE_BETS,NO MORE BETS
BACCARAT_DEALING_DETAIL,Dealing from the shoe
BACCARAT_PLAYER_WINS,PLAYER WINS
BACCARAT_BANKER_WINS,BANKER WINS
BACCARAT_TIE_RESULT,TIE
BACCARAT_OVER,%d OVER %d
BACCARAT_BOTH,BOTH %d
BACCARAT_NATURAL,NATURAL
BACCARAT_PAIR_TAG,PAIR
BACCARAT_HAND_PLAYER,PLAYER
BACCARAT_HAND_BANKER,BANKER
BACCARAT_SPOT_PLAYER_PAIR,PLAYER PAIR
BACCARAT_SPOT_PLAYER,PLAYER
BACCARAT_SPOT_TIE,TIE
BACCARAT_SPOT_BANKER,BANKER
BACCARAT_SPOT_BANKER_PAIR,BANKER PAIR
BACCARAT_PRICE,PAYS %d TO 1
BACCARAT_PRICE_BANKER,1 TO 1 LESS %d%%
BACCARAT_STATUS_BETTING,"Choose a chip, then a spot"
BACCARAT_STATUS_DEALING,No more bets · dealing
BACCARAT_STATUS_SQUEEZE_PLAYER,Squeezing the Player cards
BACCARAT_STATUS_SQUEEZE_BANKER,Squeezing the Banker cards
BACCARAT_STATUS_THIRD_PLAYER,Player draws a third card
BACCARAT_STATUS_THIRD_BANKER,Banker draws a third card
BACCARAT_STATUS_REVEALED,All cards face up
BACCARAT_RESULT_RETURNED,%s · returned %d on %d
BACCARAT_RESULT_SWEPT,%s · %d swept
BACCARAT_TAG_TIE,TIE
BACCARAT_TAG_WINS,WINS
BACCARAT_PAYOUT_PUSH,Push · %d returned
BACCARAT_PAYOUT_RETURNED,Returned %d on %d
BACCARAT_PAYOUT_SWEPT,%d swept
BACCARAT_PAYOUT_COMMISSION,commission %d
HELP_BACCARAT_RULES,"Eight-deck Punto Banco, shuffled for every coup. Back the hand that ends closer to 9.

Player pays 1 to 1. Banker pays 1 to 1 less 5% commission: 19 for every 20. Tie pays 8 to 1, and Player and Banker bets push on a tie. Pairs pay 11 to 1.

Aces count 1, tens and courts 0. Third cards follow the fixed tableau."
HELP_BACCARAT_CONTROLS,"%s  Move between spots and the chip rack

[%s] Place chip

[%s] Take chip back

[%s] Deal

Chips, Clear and Rebet sit on the rail

[%s] Leave (asks first while cards are out)"
SPEAKER_SECRETARY,VIVIENNE HALE  ·  EXECUTIVE ASSISTANT
SPEAKER_MANAGER,AURELIO VANCE  ·  MANAGER
RECEPTION_GREETING,"Good evening. The House Contracts board is right here, and I am happy to walk you through the floor again."
RECEPTION_CONTRACTS,CONTRACTS
RECEPTION_TOUR,REPLAY TOUR
DIALOGUE_GOODBYE,GOODBYE
MANAGER_GREETING,"Good evening. If your chips run thin, the house extends a marker. Settle it whenever you are ahead."
MANAGER_MARKERS,MARKERS
MANAGER_INVITE_LINE,Before business: your play has not gone unnoticed. Allow me to extend a formal invitation to the %s.
MANAGER_SEE_INVITATION,ACCEPT THE CARD
MANAGER_AFTER_INVITATION,"Enjoy the room. Now, is there anything else I can arrange for you?"
INVITE_KICKER,AN INVITATION
INVITE_WING_HIGH_ROLLER,HIGH ROLLER SALON
INVITE_WING_VIP,VIP PENTHOUSE
INVITE_BODY,The Manager requests the pleasure of your company in the %s. Your lifetime play of %d chips has opened its doors.
INVITE_SIGNATURE,AURELIO VANCE  ·  MANAGER
INVITE_ACCEPT,ACCEPT  [%s]
CONTRACT_BOARD_TITLE,HOUSE CONTRACTS
CONTRACT_BOARD_SUBTITLE,Three open contracts. Each pays its reward the moment it completes.
CONTRACT_BOARD_PROGRESS,%d / %d
CONTRACT_BOARD_REWARD,+%d
CONTRACT_BOARD_LOG_TITLE,RECENTLY COMPLETED
CONTRACT_BOARD_LOG_EMPTY,Nothing yet. Completed contracts are listed here.
CONTRACT_BOARD_LOG_LINE,%s   +%d chips
CONTRACT_BOARD_CLOSE,CLOSE  [%s]
TUTORIAL_WELCOME,"Welcome to House Rules. I am Vivienne, the Manager's assistant. Let me show you around the floor; it only takes a minute."
TUTORIAL_MOVE,"First, stretch your legs. Walk the floor with %s."
TUTORIAL_INLAY,Every game has a brass inlay on the carpet in front of it. Step onto one of them.
TUTORIAL_JOIN,"Perfect. Press %s to take a seat, or %s to decline. Play a round now if you like; I will wait."
TUTORIAL_CASHIER,The cashier's cage on the right keeps count of your chips and of any marker you owe.
TUTORIAL_CONTRACTS,"House Contracts pay flat bonuses for play. Come and see me at the office, the walnut door beside the VIP lift, to check the board."
TUTORIAL_MANAGER,"The Manager extends markers when your chips run low, and he personally invites guests into the High Roller Salon and the VIP Penthouse."
TUTORIAL_HELP,"At any table, press %s for its rules and payouts. Enjoy your evening."
TUTORIAL_NEXT,CONTINUE
TUTORIAL_DONE,THANK YOU
TUTORIAL_SKIP,SKIP TOUR  [%s]
TUTORIAL_CONTINUE_ACTION,CONTINUE  [%s]
OFFICE_TALK_RECEPTION,[%s] Speak with Vivienne
OFFICE_TALK_MANAGER,[%s] Speak with the Manager
OFFICE_DOOR_ENTER,[%s] Enter the Manager's Office
OFFICE_DOOR_INVITATION,[%s] The Manager has an invitation for you
OFFICE_WAYPOINT,MANAGER  ·  %d-CHIP MARKER
MARKER_DESK_NAME,THE MANAGER'S MARKERS
CASHIER_MARKERS_AT_OFFICE,Your chips are counted here. Markers are now arranged with the Manager: his office is the walnut door just north of this cage.
INPUT_Q,Q
INPUT_E,E
INPUT_R,R
INPUT_LB,LB
INPUT_RB,RB
INPUT_RT,RT
INPUT_SPACE,Space
INPUT_PS_CROSS,Cross
INPUT_PS_CIRCLE,Circle
INPUT_PS_SQUARE,Square
INPUT_PS_TRIANGLE,Triangle
INPUT_OPTIONS,Options
INPUT_L1,L1
INPUT_R1,R1
INPUT_R2,R2
INPUT_PLUS,+
INPUT_L,L
INPUT_R_SHOULDER,R
INPUT_ZR,ZR
ROOM_BACK_LABEL,MAIN FLOOR
TUTORIAL_SKIP_LABEL,SKIP TOUR
HELP_BUTTON_LABEL,HOW TO PLAY
HELP_BUTTON_SHORT,RULES
HELP_GOAL,GOAL
HELP_STEPS,HOW TO PLAY
HELP_PAYOUTS,PAYOUTS
HELP_NOTES,GOOD TO KNOW
HELP_PAGE,%d / %d
HELP_FOOTER,{back} Close
HELP_FOOTER_PAGED,{back} Close      {bet_down}{bet_up} Turn the page
HELP_PAYOUTS_TIMES_BET,PAYOUTS  ·  TIMES YOUR BET
HELP_PAYOUTS_WITH_MINES,PAYOUTS  ·  %d MINES
HELP_BLACKJACK_GOAL,Finish closer to 21 than the dealer without going over.
HELP_BLACKJACK_STEPS,"Set your bet with {bet_down} and {bet_up}, then press {interact} to deal.
You and the dealer get two cards each; one dealer card stays face down.
Hit {interact} for another card, Stand {secondary} to keep your total, or Double {tertiary} to double your bet for exactly one more card.
The dealer reveals, draws to 16 and stands on 17. The closer hand wins."
HELP_BLACKJACK_NOTE,"Cards 2 to 10 count their number, J, Q and K count 10, and an Ace counts 1 or 11."
HELP_CONTROL_DEAL_HIT,Deal / Hit
HELP_CONTROL_STAND,Stand
HELP_CONTROL_DOUBLE,Double
HELP_CONTROL_BET,Change bet
HELP_CONTROL_BET_MAX,Table maximum
HELP_CONTROL_GUIDE,This guide
HELP_CONTROL_LEAVE,Leave
HELP_CONTROL_SPIN,Spin
HELP_CONTROL_OPEN,Enter / break a seal
HELP_CONTROL_CASH_OUT,Cash out
HELP_CONTROL_MOVE_GRID,Move on the grid
HELP_CONTROL_MINES,Choose mines
HELP_PAY_WIN,Win
HELP_PAY_ONE_TO_ONE,1 to 1
HELP_PAY_NATURAL,Blackjack
HELP_PAY_THREE_TO_TWO,3 to 2
HELP_PAY_DEALER_BUST,Dealer busts
HELP_PAY_DOUBLE,Doubled win
HELP_PAY_DOUBLE_VALUE,1 to 1 on 2× bet
HELP_PAY_PUSH,Push
HELP_PAY_RETURNED,Bet back
HELP_PAY_THREE_OF,Three %s
HELP_PAY_TWO_CHERRY,Two CHERRY
HELP_PAY_TIMES,× %d
HELP_PAY_TIMES_DECIMAL,× %.2f
HELP_PAY_SAFE_CACHES,%d safe caches
HELP_SLOT_CLASSIC_GOAL,Line up three matching symbols on the centre payline.
HELP_SLOT_CLASSIC_STEPS,"Set your bet with {bet_down} and {bet_up}.
Press {interact}, click SPIN or pull the lever to spin.
Only the centre payline counts: three of a kind wins, and two cherries also pay.
A win returns your bet times the symbol's multiplier."
HELP_MINEFIELD_VAULT_GOAL,"Open safe caches to raise the multiplier, then cash out before you break a cursed rune."
HELP_MINEFIELD_VAULT_STEPS,"Set your bet with {bet_down} and {bet_up}, and the number of mines with {move_vertical}.
Press {interact} to enter the vault.
Move with {move} and press {interact} to break a seal.
Each safe cache raises the multiplier. Cash out with {secondary} at any time.
A cursed rune ends the round and the bet is lost."
DECK_BALANCE,BALANCE
DECK_TEST_TAG,TEST
DECK_YOUR_BET,YOUR BET
DECK_IN_PLAY,IN PLAY
DECK_TABLE_LIMIT,TABLE %d–%d
DECK_QUICK_NEEDS,%s needs %d chips
DECK_QUICK_OVER_TABLE,%s is over the table maximum of %d
DECK_BJ_BETTING,"Set your bet with {bet_down}{bet_up}, then {interact} Deal      {back} Leave"
DECK_BJ_DECIDE,You have %d.   Hit {interact}   or   Stand {secondary}
DECK_BJ_DECIDE_DOUBLE,"You have %d.   Hit {interact},   Stand {secondary}   or   Double {tertiary}"
DECK_BJ_DEALER_DRAWING,Dealer is drawing…
DECK_BJ_DOUBLE_UNAVAILABLE,Double is only for your first two cards.   Hit {interact}   or   Stand {secondary}
DECK_BJ_RESULT_WIN,You win %d      {interact} Deal again
DECK_BJ_RESULT_NATURAL,Blackjack! You win %d      {interact} Deal again
DECK_BJ_RESULT_PUSH,Push: your bet is returned      {interact} Deal again
DECK_BJ_RESULT_LOSS,The house takes %d      {interact} Deal again
DECK_NEED_FUNDS,This table needs %d credits. Visit the cashier.      {back} Leave
CABINET_UPGRADE_CLUSTER_NAME,HARLEQUIN MASQUERADE
CLUSTER_THEME_TITLE,HARLEQUIN MASQUERADE
CLUSTER_PLAY,PLAY
CLUSTER_READY,Set your bet and play the board.
CLUSTER_TUMBLING,The board is tumbling…
CLUSTER_RESULT_WIN,Paid %d on %d staked
CLUSTER_RESULT_LOSS,No cluster. %d staked.
CLUSTER_NEED_BET,Set a bet you can cover first
CLUSTER_ROUND_WIN,ROUND WIN
CLUSTER_WIN_MULTIPLE,%s × your bet
CLUSTER_TUMBLE_COUNT,Tumble %d of %d
CLUSTER_TUMBLE_TOTAL,%d tumbles this round
CLUSTER_TUMBLE_TOTAL_ONE,One tumble this round
CLUSTER_NO_TUMBLES,No tumbles yet
CLUSTER_LEGEND_CAPTION,PAYS · CLUSTER OF %d
CLUSTER_PAY_CLUSTER_OF,%d %s
CLUSTER_DECK_READY,"Set your bet with {bet_down}{bet_up}, then {interact} Play      {back} Leave"
CLUSTER_DECK_TUMBLING,"Clusters pay, tiles tumble, the bar upgrades every win…"
CLUSTER_DECK_RESULT_WIN,You win %d      {interact} Play again
CLUSTER_DECK_RESULT_LOSS,No cluster this round      {interact} Play again
CLUSTER_BIG_WIN,BIG WIN
CLUSTER_SUPER_WIN,SUPER WIN
CLUSTER_MEGA_WIN,MEGA WIN
CLUSTER_SYMBOL_EMERALD,Emerald diamond
CLUSTER_SYMBOL_ROSE,Rose diamond
CLUSTER_SYMBOL_AMETHYST,Amethyst diamond
CLUSTER_SYMBOL_PEARL,Pearl diamond
CLUSTER_SYMBOL_MASK,Masquerade mask
CLUSTER_SYMBOL_JESTER,Jester hat
CLUSTER_SYMBOL_BELLS,Carnival bells
CLUSTER_SYMBOL_TICKET,Theatre ticket
HELP_UPGRADE_CLUSTER_GOAL,"Land five or more matching symbols joined up, down, left or right. Diagonals never count."
HELP_UPGRADE_CLUSTER_STEPS,"Set your bet with {bet_down} and {bet_up}.
Press {interact} to play the board.
Every cluster of five or more pays, then those tiles shatter and new ones tumble in.
Each shattered tile charges the upgrade bar, and the bar's multiplier is applied to every win it has reached.
The round ends when a tumble makes no new cluster."
HELP_UPGRADE_CLUSTER_NOTE,"Pays are shown as a multiple of your bet, before the upgrade bar's multiplier."
HELP_CONTROL_CLUSTER_PLAY,Play the board
CABINET_CORE_OVERCLOCK_NAME,FORNO D'ORO
CORE_OVERCLOCK_THEME_TITLE,FORNO D'ORO
CORE_OVERCLOCK_STATE_READY,DOUGH READY
CORE_OVERCLOCK_STATE_COUNTDOWN,OVEN HEATING
CORE_OVERCLOCK_STATE_BAKING,BAKING
CORE_OVERCLOCK_STATE_SERVED,SERVED
CORE_OVERCLOCK_STATE_BURNT,BURNT
CORE_OVERCLOCK_RECENT,RECENT BAKES
CORE_OVERCLOCK_VALUE,WORTH %d
CORE_OVERCLOCK_ACTION_BAKE,BAKE
CORE_OVERCLOCK_ACTION_PULL,PULL IT OUT
CORE_OVERCLOCK_AUTO_OFF,TIMER OFF
CORE_OVERCLOCK_AUTO_AT,TIMER %s×
CORE_OVERCLOCK_STATUS_READY,Set your stake and fire the oven
CORE_OVERCLOCK_STATUS_COUNTDOWN,The oven is coming up to heat
CORE_OVERCLOCK_STATUS_BAKING,Pull it out before it burns
CORE_OVERCLOCK_STATUS_SERVED,Served at %s× · paid %d
CORE_OVERCLOCK_STATUS_BURNT,Burnt at %s×
CORE_OVERCLOCK_NEED_STAKE,No stake your credits can cover
CORE_OVERCLOCK_HELP_LOCKED,The guide opens between bakes
DECK_FORNO_BETTING,"Set your stake with {bet_down}{bet_up}, then {interact} Bake      {back} Leave"
DECK_FORNO_COUNTDOWN,The oven is coming up to heat…
DECK_FORNO_BAKING,{interact} Pull it out      every second in the oven is more crust
DECK_FORNO_SERVED,You keep %d      {interact} Bake another
DECK_FORNO_BURNT,The oven takes %d      {interact} Bake another
HELP_CORE_OVERCLOCK_GOAL,Bake a pizza in the wood-fired oven and pull it out before it burns.
HELP_CORE_OVERCLOCK_STEPS,"Set your stake with {bet_down} and {bet_up}.
Optionally set the oven timer with {secondary}: it comes out there by itself.
Press {interact} to send it in. The gauge climbs while it bakes.
Press {interact} again to pull it out and take your stake times the gauge.
If it burns first there is nothing to serve and the stake is gone."
HELP_CORE_OVERCLOCK_RULES,"Send a pizza into the wood-fired oven. The longer it bakes the more it is worth: pulling it out pays your stake times the multiplier on the oven gauge.

It can burn at any moment, and a burnt pizza pays nothing. Where it burns is drawn before the dough touches the stone, so nothing you do changes it — only when you choose to pull it out.

Set the oven timer before the bake and it comes out at exactly that multiplier, whatever the frame rate. Every timer setting returns the same 97%%, so bake as long as your nerve allows."
HELP_CORE_OVERCLOCK_CONTROLS,"%s  Bake, then pull it out
%s  Oven timer
%s  Change stake
%s  Leave"
HELP_CORE_OVERCLOCK_NOTE,One bake in %.0f%% burns at the door. Every timer setting returns the same 97%%.
HELP_PAY_FORNO_REACH,Pull out at %s×
HELP_CONTROL_FORNO_PRIMARY,Bake / Pull it out
HELP_CONTROL_FORNO_AUTO,Oven timer
TIER_GUEST,GUEST
TIER_REGULAR,REGULAR
TIER_HIGH_ROLLER,HIGH ROLLER
TIER_WHALE,WHALE
TIER_PARTNER,PARTNER
TIER_OWNER,OWNER
TIER_GUEST_INITIAL,G
TIER_REGULAR_INITIAL,R
TIER_HIGH_ROLLER_INITIAL,H
TIER_WHALE_INITIAL,W
TIER_PARTNER_INITIAL,P
TIER_OWNER_INITIAL,O
TIER_UNLOCK_GUEST,The Main Floor is open to you.
TIER_UNLOCK_REGULAR,The Manager will write you a marker.
TIER_UNLOCK_HIGH_ROLLER,The High Roller Salon is open.
TIER_UNLOCK_WHALE,"The VIP Penthouse is open, and markers rise to 250."
TIER_UNLOCK_PARTNER,Markers rise to 500.
TIER_UNLOCK_OWNER,The Manager will sell you the House.
STANDING_TOOLTIP,House standing: %s · %s wagered
STANDING_LADDER_COMPLETE,TOP RUNG
STANDING_NEW_TIER,NEW STANDING  ·  %s
STANDING_NEXT,NEXT  ·  %s
STANDING_TOP_RUNG,Nothing stands above this rung.
STANDING_OWNERSHIP,BUY THE HOUSE
STANDING_HOUSE_OWNED,The House is yours.
STANDING_DEED_PRICE,The Manager will sell the deed for %s.
STANDING_OWN_THE_HOUSE,Reach Owner and the Manager will sell.
LEDGER_TITLE,HOUSE LEDGER
LEDGER_STANDING,%s  ·  %s wagered
LEDGER_VIEW_OVERVIEW,OVERVIEW
LEDGER_VIEW_CABINETS,CABINETS
LEDGER_NET,Net
LEDGER_RETURNED,Chips returned
LEDGER_STAKED,Chips staked
LEDGER_BEST_WIN,Biggest single win
LEDGER_STREAK,Longest win streak
LEDGER_ROUNDS,Rounds played
LEDGER_ROUNDS_VALUE,%d
LEDGER_FAVOURITE,Most played
LEDGER_PLAYED,Time at the tables
LEDGER_CABINET_ROW,%s  ·  %d rounds
LEDGER_CHIPS,%s
LEDGER_CHIPS_UP,+%s
LEDGER_NONE,None yet
LEDGER_EMPTY,No rounds played yet. Every figure here is the record of a real round.
LEDGER_CLOSE,[%s] CLOSE
RECEPTION_LEDGER,THE HOUSE LEDGER
MANAGER_LEDGER,THE HOUSE LEDGER
MANAGER_BUY_HOUSE,BUY THE HOUSE  ·  %s
MANAGER_DEED_REFUSED,Not yet. The deed wants the standing and the chips on the desk at the same time.
MANAGER_AFTER_DEED,"Your house now. I'll keep the books, if you'll have me."
DEED_TITLE,THE HOUSE IS YOURS
DEED_LINE,"Paid %s chips for the deed, after turning over %s at the tables."
DEED_CLOSE,[%s] CLOSE
